-- phpMyAdmin SQL Dump
-- version 5.2.0
-- https://www.phpmyadmin.net/
--
-- Host: 127.0.0.1
-- Generation Time: Apr 25, 2023 at 09:55 PM
-- Server version: 10.4.27-MariaDB
-- PHP Version: 8.1.12

SET SQL_MODE = "NO_AUTO_VALUE_ON_ZERO";
START TRANSACTION;
SET time_zone = "+00:00";


/*!40101 SET @OLD_CHARACTER_SET_CLIENT=@@CHARACTER_SET_CLIENT */;
/*!40101 SET @OLD_CHARACTER_SET_RESULTS=@@CHARACTER_SET_RESULTS */;
/*!40101 SET @OLD_COLLATION_CONNECTION=@@COLLATION_CONNECTION */;
/*!40101 SET NAMES utf8mb4 */;

--
-- Database: `boobooks_272`
--

-- --------------------------------------------------------

--
-- Table structure for table `admin`
--

CREATE TABLE `admin` (
  `id` int(11) NOT NULL,
  `full_name` varchar(255) NOT NULL,
  `email` varchar(255) NOT NULL,
  `password` text NOT NULL
) ENGINE=InnoDB DEFAULT CHARSET=utf8mb4 COLLATE=utf8mb4_general_ci;

--
-- Dumping data for table `admin`
--

INSERT INTO `admin` (`id`, `full_name`, `email`, `password`) VALUES
(1, 'Anastasia', 'anastasia@gmail.com', '$2y$10$Nqq/y251QX2Ccvb1Ax7hUuMqQSkG3yRLCxN2KPdetnSP3oaXVH70a');

-- --------------------------------------------------------

--
-- Table structure for table `authors`
--

CREATE TABLE `authors` (
  `id` int(11) NOT NULL,
  `name` varchar(255) NOT NULL
) ENGINE=InnoDB DEFAULT CHARSET=utf8mb4 COLLATE=utf8mb4_general_ci;

--
-- Dumping data for table `authors`
--

INSERT INTO `authors` (`id`, `name`) VALUES
(3, 'Yi Ming'),
(4, 'กรมควบคุมโรค'),
(5, 'นักวิจัยรุ่นจิ๋ว'),
(6, ' กรมทรัพยากรธรณี'),
(7, 'กระทรวงสาธารณสุข'),
(8, 'กรมอนามัย'),
(9, 'สสส'),
(10, 'เต็มฟ้า บุญปก'),
(11, 'สำนักงานคณะกรรมการสิทธิมนุษยชนแห่งชาติ'),
(12, 'ยุวดี นุชทรัพย์'),
(13, 'ชาสีฟ้า'),
(14, 'บูรพา สีกร'),
(15, 'มิรายญิ์'),
(16, 'เกษา นักบุญยาจก'),
(17, 'วรรณนิกา พระครูถิ่น'),
(18, 'อาเซียน'),
(19, 'eiei');

-- --------------------------------------------------------

--
-- Table structure for table `books`
--

CREATE TABLE `books` (
  `id` int(11) NOT NULL,
  `title` varchar(255) NOT NULL,
  `author_id` int(11) NOT NULL,
  `description` text NOT NULL,
  `category_id` int(11) NOT NULL,
  `cover` varchar(255) NOT NULL,
  `file` varchar(255) NOT NULL
) ENGINE=InnoDB DEFAULT CHARSET=utf8mb4 COLLATE=utf8mb4_general_ci;

--
-- Dumping data for table `books`
--

INSERT INTO `books` (`id`, `title`, `author_id`, `description`, `category_id`, `cover`, `file`) VALUES
(2, 'In Winter', 3, '\"In Winter\" เป็นหนังสือสอนภาษาอังกฤษสำหรับเด็กที่เน้นการสอนเกี่ยวกับฤดูหนาวให้กับผู้อ่านเล็ก ๆ หนังสือนี้ออกแบบมาเพื่อช่วยเด็กสร้างคำศัพท์ โครงสร้างประโยค และทักษะการอ่านและเข้าใจภาษาอังกฤษ พร้อมทั้งเสนอแนะเรื่องราวเกี่ยวกับฤดูหนาวที่แตกต่างกันไป', 3, '6447db20d45ec8.01729557.jpeg', '6447db20d4b078.04652691.pdf'),
(3, 'Rainy Day', 3, '\"Rainy Day\" เป็นหนังสือสอนภาษาอังกฤษสำหรับเด็กที่เน้นการสอนเกี่ยวกับฤดูฝนให้กับผู้อ่านเล็ก ๆ หนังสือนี้ออกแบบมาเพื่อช่วยเด็กสร้างคำศัพท์ โครงสร้างประโยค และทักษะการอ่านและเข้าใจภาษาอังกฤษ พร้อมทั้งเสนอแนะเรื่องราวเกี่ยวกับวันที่มีฝนตก', 3, '6447dbb847b006.06714847.jpeg', '6447dbb847f9c3.99033312.pdf'),
(4, 'Robot Roy', 3, '\"Robot Roy\" เป็นหนังสือสอนภาษาอังกฤษสำหรับเด็กที่มุ่งเน้นการสอนคำศัพท์และโครงสร้างประโยคในภาษาอังกฤษ โดยใช้เรื่องราวของหุ่นยนต์ชื่อ Roy เป็นตัวละครหลักในการนำเสนอหัวข้อต่างๆ เช่น การออกแบบและการใช้งานหุ่นยนต์ โดยเน้นทั้งภาษาพื้นฐานและคำศัพท์ที่ใช้ในการสื่อสารระหว่างคนกับหุ่นยนต์', 3, '6447dc02837483.87515532.jpeg', '6447dc0283e529.54072872.pdf'),
(5, 'Shoes', 3, '\"Shoes\" เป็นหนังสือสอนภาษาอังกฤษสำหรับเด็กที่เน้นการสอนคำศัพท์เกี่ยวกับรองเท้าในภาษาอังกฤษ โดยการใช้เรื่องราวที่เป็นเรื่องเล่าเพื่ออธิบายลักษณะและลักษณะของรองเท้าทั้งหมด โดยการอธิบายลักษณะเชิงพื้นที่ ความคงทนและการออกแบบของรองเท้า', 3, '6447dc32ef7b80.42041228.jpeg', '6447dc32efbc41.58824569.pdf'),
(6, 'Shopping', 3, '\"Shopping\" เป็นหนังสือสอนภาษาอังกฤษสำหรับเด็กที่มุ่งเน้นการสอนคำศัพท์และประโยคที่เกี่ยวข้องกับการช้อปปิ้งในภาษาอังกฤษ โดยการใช้เรื่องราวที่เป็นเรื่องเล่าเพื่ออธิบายเทคนิคในการเลือกซื้อสินค้า การติดต่อกับพนักงานขาย และการชำระเงิน ผ่านการอ่านหนังสือ \"Shopping\" เด็กสามารถพัฒนาทักษะการอ่านและเขียนภาษาอังกฤษได้อย่างมีประสิทธิภาพ', 3, '6447dc6013b0f2.84157331.jpeg', '6447dc6013cb53.74225711.pdf'),
(7, 'Sport Meet', 3, '\"Sport Meet\" เป็นหนังสือสอนภาษาอังกฤษสำหรับเด็กที่มุ่งเน้นการสอนคำศัพท์และประโยคที่เกี่ยวข้องกับกีฬาและงานกีฬา โดยการใช้เรื่องราวที่เป็นเรื่องเล่าเพื่ออธิบายกิจกรรมและการแข่งขันที่เกี่ยวข้องกับกีฬา ทั้งนี้ การอธิบายจะเน้นทั้งภาษาพื้นฐานและคำศัพท์ที่ใช้ในการอธิบายกิจกรรมและการแข่งขันของกีฬาต่างๆ', 3, '6447dc8c524ae4.02410104.jpeg', '6447dc8c526b95.02676983.pdf'),
(8, 'Tableware', 3, '\"Tableware\" เป็นหนังสือสอนภาษาอังกฤษสำหรับเด็กที่เน้นการสอนคำศัพท์และประโยคที่เกี่ยวข้องกับอุปกรณ์ที่ใช้บนโต๊ะอาหาร โดยการใช้เรื่องราวที่เป็นเรื่องเล่าเพื่ออธิบายลักษณะและลักษณะของจาน ชาม ช้อน ส้อม และอุปกรณ์อื่นๆ ที่ใช้ในการรับประทานอาหาร ผ่านการอ่านหนังสือ \"Tableware\" เด็กสามารถเรียนรู้คำศัพท์และวิธีการใช้อุปกรณ์บนโต๊ะอาหารในชีวิตประจำวันได้อย่างเต็มประสิทธิภาพ', 3, '6447dd1ab636b1.87197578.jpeg', '6447dd1ab68c91.96050983.pdf'),
(9, 'The Lantern festival', 3, '\"The Lantern Festival\" เป็นหนังสือสอนภาษาอังกฤษสำหรับเด็กที่เน้นการสอนคำศัพท์และประโยคที่เกี่ยวข้องกับงานประเพณีและวัฒนธรรมของเทศกาลวันหยุดไหว้พระจันทร์ โดยเฉพาะในงานประกอบด้วยการใช้โคมไฟเป็นหลัก ที่มีลวดลายสวยงามที่สร้างสรรค์จากกระดาษ นอกจากนี้ยังมีกิจกรรมต่าง ๆ ที่เกี่ยวข้องกับการถ่ายภาพ การร้องเพลง การดนตรีและการแสดง ที่เป็นลักษณะเฉพาะของเทศกาลนี้', 3, '6447dd570cbb98.77205009.jpeg', '6447dd570cffa2.47615054.pdf'),
(10, 'Time for a Bath', 3, '\"Time for a Bath\" เป็นหนังสือสอนภาษาอังกฤษสำหรับเด็กที่เน้นการสอนคำศัพท์และประโยคที่เกี่ยวข้องกับการอาบน้ำ โดยการใช้เรื่องราวที่เป็นเรื่องเล่าเพื่ออธิบายขั้นตอนการอาบน้ำและวิธีการทำความสะอาดตัวเอง ผ่านการอ่านหนังสือ \"Time for a Bath\" เด็กสามารถเรียนรู้คำศัพท์และวิธีการใช้ภาษาอังกฤษเกี่ยวกับอาบน้ำในชีวิตประจำวันได้อย่างเต็มประสิทธิภาพ', 3, '6447dd85bedc78.86814103.jpeg', '6447dd85bf4693.25844948.pdf'),
(11, 'Toys', 3, '\"Toys\" เป็นหนังสือสอนภาษาอังกฤษสำหรับเด็กที่เน้นการสอนคำศัพท์และประโยคที่เกี่ยวข้องกับของเล่น โดยการใช้รูปภาพของของเล่นต่างๆ เพื่อช่วยให้เด็กเรียนรู้ชื่อและลักษณะของของเล่น นอกจากนี้ หนังสือยังมีประโยคที่ใช้เน้นการอธิบายลักษณะของของเล่นและวิธีการใช้งานอย่างถูกต้อง ผ่านการอ่านหนังสือ \"Toys\" เด็กสามารถเรียนรู้คำศัพท์และวิธีการใช้งานของของเล่นต่างๆ ได้อย่างเต็มประสิทธิภาพ', 3, '6447ddb12547b6.63164240.jpeg', '6447ddb1258364.25956398.pdf'),
(12, 'Traffic Light', 3, '\"Traffic Light\" เป็นหนังสือสอนภาษาอังกฤษสำหรับเด็กที่เน้นการสอนคำศัพท์และประโยคที่เกี่ยวข้องกับสัญญาณไฟจราจร โดยการใช้ภาพและสีสันเพื่อช่วยให้เด็กเข้าใจและจดจำได้ง่ายขึ้น นอกจากนี้ หนังสือยังมีประโยคที่ใช้เน้นการอธิบายหลักการและวิธีการใช้งานของสัญญาณไฟจราจรอย่างถูกต้อง ผ่านการอ่านหนังสือ \"Traffic Light\" เด็กสามารถเรียนรู้คำศัพท์และวิธีการใช้งานของสัญญาณไฟจราจรได้อย่างเต็มประสิทธิภาพ', 3, '6447dddc5ddc78.30464620.jpeg', '6447dddc5e35e5.69061370.pdf'),
(13, 'Vegetables', 3, '\"Vegetables\" เป็นหนังสือสอนภาษาอังกฤษสำหรับเด็กที่เน้นการสอนคำศัพท์และประโยคที่เกี่ยวข้องกับผัก โดยการใช้ภาพของผักต่างๆ เพื่อช่วยให้เด็กเข้าใจและจดจำได้ง่ายขึ้น นอกจากนี้ หนังสือยังมีประโยคที่ใช้เน้นการอธิบายลักษณะและคุณสมบัติของผักแต่ละชนิด ผ่านการอ่านหนังสือ \"Vegetables\" เด็กสามารถเรียนรู้คำศัพท์และคุณสมบัติของผักต่างๆ ได้อย่างเต็มประสิทธิภาพ', 3, '6447de0d936868.20915542.jpeg', '6447de0d93a214.85067057.pdf'),
(14, 'โรคที่พบบ่อยในเด็ก', 4, 'โรคที่พบบ่อยในเด็กและแนวทางการป้องกันควบคุมโรค โดย นายแพทย์พงศ์ธร ชาติพิทักษ์ รองผู้อำนวยการสำนักงานป้องกันควบคุมโรคที่ 4 จังหวัดราชบุรี ', 4, '6447e003d0c2a5.76384804.jpg', '6447e003d29a30.86232678.pdf'),
(15, 'สีสันในอาหาร', 5, 'หัวเรื่อง : สีสันในอาหาร คำอธิบาย : สื่อสำหรับบุคคลประเภท : ทั่วไป, ผู้ปกครอง, นักเรียน / นักศึกษา, ครู / อาจารย์ ผู้สร้างสรรค์/ผู้แต่ง/เจ้าของผลงาน : สำนักงานพัฒนาการวิจัยการเกษตร ผู้สร้างสรรค์ร่วม/ผู้แต่งร่วม/เจ้าของผลงานร่วม : มหาวิทยาลัยมหิดล, สำนักงานคณะกรรมการวิจัยแห่งชาติ (วช.) คำสำคัญ : ขนมหวาน, วัตถุเจือปนอาหาร, สีผสมอาหาร, ลูกกวาด, สีสังเคราะห์, อาหาร, เครื่องดื่ม, ไอศกรีม, สีธรรมชาติ', 4, '6447e0a30eca49.41712867.jpg', '6447e0a30f48e1.72526023.pdf'),
(16, 'สึนามิคลื่นยักษ์มหาภัย', 6, 'การ์ตูน สึนามิคลื่นยักษ์มหาภัย สื่อสำหรับบุคคล', 4, '6447e19e608a15.36092492.jpg', '6447e19e612560.62759271.pdf'),
(17, 'สาระดี น่ารู้ คู่อนามัย', 7, 'หนังสือ \"สาระดี น่ารู้ คู่อนามัย\"', 4, '6447e21eb81569.13813707.jpg', '6447e21eb85462.91038883.pdf'),
(18, 'ส่งเสริมกิจกรรมทางกาย', 8, 'หนังสือ ข้อแนะนำการส่งเสริมกิจกรรมทางกาย การลดพฤติกรรมเนือยนิ่ง และการนอนหลับ', 4, '6447e28148ff11.35920852.jpg', '6447e281494bc5.07632984.pdf'),
(19, 'สุขภาพดี มีคำตอบ', 8, 'หนังสือ สุขภาพดี มีคำตอบ', 4, '6447e2ca38ffc0.09133576.jpg', '6447e2ca392e56.81346163.pdf'),
(20, 'อย่าลืมแปรงฟันก่อนนอน', 9, 'หนังสือ \"อย่าลืมแปรงฟันก่อนนอน\"', 4, '6447e3ba8bdfd6.84766624.jpg', '6447e3ba8c1014.55493714.pdf'),
(21, 'อนามัย ใกล้ตัว', 8, 'หนังสือ \"อนามัย ใกล้ตัว\"', 4, '6447e4471be1b1.90249630.jpg', '6447e4471c1a90.58066953.pdf'),
(22, 'ส่งเสริมกิจกรรมทางกาย', 9, 'ข้อแนะนำการส่งเสริมทางกาย การลดพฤติกรรมเนือยนิ่งและการนอนหลับ สำหรับวัยเรียนและรุ่น (6-17ปี)', 4, '6447e4b251cfa8.62734836.jpg', '6447e4b2520430.34265118.pdf'),
(23, 'แผนที่คำยืม', 10, 'แบบเรียนเรื่องแผนที่คำยืมนี้เป็นแบบเรียนเสริมความรู้ทางภาษาไทยที่นำเสนอความรู้เรื่องคำยืมภาษาต่างประเทศมาใช้ในภาษาไทยอย่างละเอียดผ่านคำที่เข้าใจได้ง่าย พร้อมทั้งมีภาพและสีสันที่เหมาะแก่การเรียนรู้ สอดแทรกแบบฝึกหัดในแต่ละภาษาให้ได้ทดสอบความเข้าใจอีกด้วย', 4, '6447e554063599.80799416.jpg', '6447e554066f49.36279099.pdf'),
(24, 'มดจิ๋วสีรุ้ง', 11, 'นิทานส่งเสริมสิทธิเด็ก เรื่อง มดจิ๋วสีรุ้ง', 5, '6447e82c823313.81423703.jpg', '6447e82c829474.06123811.pdf'),
(25, 'แมวลายจุดสีแดง', 12, 'หนังสือนิทานอ่านประกอบ กลุ่มสาระการเรียนรู้ภาษาไทย ช่วงชั้นที่ 1 ชุดสระเที่ยวพาเพลิน', 5, '6447e8efe419e5.00585248.jpg', '6447e8efe47d19.37903857.pdf'),
(26, 'กระบือของตาลือ', 12, 'หนังสือนิทานอ่านประกอบ กลุ่มสาระการเรียนรู้ภาษาไทย ช่วงชั้นที่ 1 ชุดสระเที่ยวพาเพลิน', 5, '6447e94b2ed644.63732955.jpg', '6447e94b2f27f5.72411827.pdf'),
(27, 'ดินสอ วิเศษ', 12, 'หนังสือนิทานอ่านประกอบ กลุ่มสาระการเรียนรู้ภาษาไทย ช่วงชั้นที่ 1 ชุดสระเที่ยวพาเพลิน', 5, '6447e9ca93ed64.84630785.jpg', '6447e9ca943329.21328918.pdf'),
(28, 'เล่น ต้องเต', 12, 'หนังสือนิทานอ่านประกอบ กลุ่มสาระการเรียนรู้ภาษาไทย ช่วงชั้นที่ 1 ชุดสระเที่ยวพาเพลิน', 5, '6447ea1ba2b446.93313516.jpg', '6447ea1ba2d2b2.84069731.pdf'),
(29, 'มะลิ ลิงน้อย ช่างคิด', 12, 'หนังสือนิทานอ่านประกอบ กลุ่มสาระการเรียนรู้ภาษาไทย ช่วงชั้นที่ 1 ชุดสระเที่ยวพาเพลิน', 5, '6447ea8c26b906.03015939.jpg', '6447ea8c26d3f3.74535766.pdf'),
(30, 'มะลิ ร้อย มาลัย', 12, 'หนังสือนิทานอ่านประกอบ กลุ่มสาระการเรียนรู้ภาษาไทย ช่วงชั้นที่ 1 ชุดสระเที่ยวพาเพลิน', 5, '6447eae8ac8bc1.77058398.jpg', '6447eae8acad11.16559139.pdf'),
(31, 'อ้วนฉุ ตุ๊ต๊ะ อุ้ยอ้าย', 12, 'หนังสือนิทานอ่านประกอบ กลุ่มสาระการเรียนรู้ภาษาไทย ช่วงชั้นที่ 1 ชุดสระเที่ยวพาเพลิน', 5, '6447eb59a2aaf3.30038403.jpg', '6447eb59a2d659.04096346.pdf'),
(32, 'เรื่องเล่า ปากขวด', 13, 'ในบางที สิ่งที่เปลี่ยนแปลงอาจจะไม่ใช่เรา หากแต่เป็นมุมมองรอบข้างและสิ่งแวดล้อมต่างหากที่แปรเปลี่ยนไป...', 6, '6447ec65cb53a3.55752870.jpg', '6447ec65cb8757.96246320.pdf'),
(33, '7 สิ่งที่ควร เปลี่ยน', 13, 'หนังสือ \"7 สิ่ง ที่ควร เปลี่ยน เพื่อ..?\"', 6, '6447ecf4d7fd96.86860118.jpg', '6447ecf4d82bd3.32590437.pdf'),
(34, 'ในโลกอันไร้เหตุผล', 15, 'เมื่อพูดถึงปรัชญา หลายคนมักคิดว่าปรัชญาเป็นเรื่องน่าเบื่อ หรือหากไม่แล้วก็ต้องเป็นเรื่องไกลตัวเข้าใจยาก ซึ่งถึงแม้จะจริง แต่ทว่าก็คงไม่จริงทั้งหมด เพราะยังมีแนวคิดทางปรัชญาอีกไม่น้อยที่มีส่วนเข้ามาเกี่ยวข้องสัมพันธ์กับเรื่องราวใกล้ตัวอย่างเช่นเรื่องราวในชีวิตประจำวันของมนุษย์เรา โดยเฉพาะปรัชญาของ อัลแบร์ กามูส์ (Albert Camus) ที่เน้นให้เห็นถึงความธรรมดาสามัญของมนุษย์ ผู้ต้องพยายามต่อสู้ดิ้นรนใช้ชีวิตในโลกที่เต็มไปด้วยความไร้เหตุผล ต่อสู้ดิ้นรนเพื่อให้ชีวิตที่ดูไร้ค่าได้กลับมามีความหมาย มีคุณค่า และมีความสุขในที่สุด ข้าพเจ้าเห็นว่าแนวปรัชญาของกามูส์ นั้นสอดคล้องกับหัวข้อการประกวดวรรณกรรมอิเล็กทรอนิกส์ครั้งที่ ๒ นี้ กอปรด้วยข้าพเจ้ามีความตั้งใจที่จะแสดงให้เห็นว่า ปรัชญาไม่ใช่เรื่องที่เข้าถึงได้ยาก จึงได้เรียบเรียงสาระสำคัญในปรัชญาของ กามูส์ มานำเสนอใหม่ในรูปแบบ ความเรียง พร้อมภาพประกอบวาดมืออย่างง่าย ๆ เท่าที่ข้าพเจ้าพอจะวาดเองได้ ', 6, '6447ee0c99b782.75484153.jpg', '6447ee0c9a1954.92968603.pdf'),
(35, 'เรื่องเล่ากฏแห่งกรรม', 16, 'เรื่องราวและเนื้อหาในหนังสือเล่มนี้ เป็นเรื่องราวที่เล่าถึงกฎแห่งกรรมและโลกหลังความตาย ที่มาของเนื้อเรื่องทั้งหมดได้เค้าโครงมาจากเหตุการณ์จริงทั้งของบุคคลที่ยังมีชีวิตอยู่และบุคคลที่เสียชีวิตไปแล้วเป็นการเล่าถึงเหตุการณ์และผลที่จะได้รับในการกระทำของตนเอง \"กรรม\" คือการกระทำ กรรมนั้นไม่จำเป็นจะต้องเกิดในอดีตชาติ แต่มันอาจจะเกิดภายในชาตินี้หรือเพิ่งผ่านพ้นมาได้ไม่นานเพียงเราระลึกไว้ทุกครั้งว่าเราทำอะไรมาบ้างในแต่ละวันที่ผ่านมาแก้ไขกรรมจากการกระทำที่ผ่านๆมา โดยการไม่ทำกรรมเดิมซ้ำอีก ระลึกไว้ให้เสมอๆ กรรมนั้นจะค่อยๆ ลดลง เพราะเรานั้นมี สติ พิจารณาในสิ่งที่ทำ พิจารณาให้เกิดปัญญา เพราะปัญญาจะหยุดการกระทำของเราเมื่อเราจะกระทำกรรมชั่ว สติ จะทำให้เรานั้นเกิดความละอายต่อสิ่งที่เรากำลังจะลงมือกระทำ จากนั้นการกระทำที่ก่อให้เกิดกรรมชั่วจะลดลงเพราะเรามีสติ เมื่อทำแบบนี้ มีสติแบบนี้ หยุดการกระทำของตนเองได้แบบนี้ กรรมชั่วที่มีก็จะลดลงไป เพราะเราระลึกได้ มีสติอยู่ การหยุดทำกรรมชั่วก็จะเกิดขึ้น และจะหยุด “กรรม” ที่เกิดจากการกระทำของเรา.', 6, '6447ee6e120e82.48457500.jpg', '6447ee6e125644.57347883.pdf'),
(36, 'เผยความลับมนุษย์', 17, 'หนังสือ \"เผยความลับมนุษย์ \"แค่ผู้สังเกตการณ์เท่านั้น\" .. ไม่ต้องหลงเพลินความสุข ไม่ต้องหนีความทุกข์ เพราะมนุษย์เป็นได้แค่ \"ผู้สังเกตการณ์\"', 6, '6447efa453a0f0.79445623.jpg', '6447efa4540419.40861371.pdf'),
(37, 'รากฐานประชาคมอาเซียน', 18, 'หนังสือ \"การศึกษา รากฐานประชาคมอาเซียน\"', 7, '6447f1af898824.30923883.jpg', '6447f1af89a874.44471696.pdf'),
(38, 'หนึ่งวิสัยทัศน์', 18, 'หนึ่งวิสัยทัศน์ หนึ่งอัตลักษณ์ หนึ่งประชาคม การศึกษาเพื่ออาเซียน', 7, '6447f21ed86ec9.92289768.jpg', '6447f21ed8a318.92140444.pdf'),
(39, 'ฉันและเธอ เราคืออาเซียน', 18, '“อาเซียน” คืออะไรเกี่ยวอะไรกับเรา ถ้าอย่างงั้นพวกเราลองไปทำความรู้จักคุ้นเคยกับอาเซียนกันดีกว่าและจะได้ไปบอกต่อกับเพื่อนๆ ของเราแล้วชวนกันมาร่วมกันสร้างบ้านอาเซียนหลังนี้ให้อบอุ่น แข็งแรง และน่าอยู่ต่อไป', 7, '6447f29dcd72c9.29477863.jpg', '6447f29dcda068.79823135.pdf'),
(40, 'จุดแข็งไทยในอาเซียน', 18, 'แหล่งท่องเทียว อันเป็นจุดแข็งของไทยในกลุ่มอาเซี่ยน นำมาเสนอเป็นบทกวีส่งเสริมการท่องเที่ยวภายในประเทศ จากภาคเหนือ อีสาน ใต้ เมืองหลวงปัจจุบัน และอยุธยา ให้เห็นว่าการเข้าสู่เออีซี เราก็มีจุดแข็งไม่ด้อยกว่าประเทศอื่นใด', 7, '6447f305026947.03066420.jpg', '6447f30502a5f3.60716187.pdf'),
(41, 'ผีตานี', 12, 'หนังสือนิทานอ่านประกอบ กลุ่มสาระการเรียนรู้ภาษาไทย ช่วงชั้นที่ 1 ชุดสระเที่ยวพาเพลิน', 5, '6447f3876c25d3.78910983.jpg', '6447f3876c6703.94220743.pdf');

-- --------------------------------------------------------

--
-- Table structure for table `categories`
--

CREATE TABLE `categories` (
  `id` int(11) NOT NULL,
  `name` varchar(255) NOT NULL
) ENGINE=InnoDB DEFAULT CHARSET=utf8mb4 COLLATE=utf8mb4_general_ci;

--
-- Dumping data for table `categories`
--

INSERT INTO `categories` (`id`, `name`) VALUES
(3, 'ภาษาต่างประเทศ'),
(4, 'สาระน่ารู้'),
(5, 'นิทานสำหรับเด็ก'),
(6, 'วรรณกรรม เรื่องสั้น'),
(7, 'อาเซียน'),
(8, 'eiei');

-- --------------------------------------------------------

--
-- Table structure for table `favorites`
--

CREATE TABLE `favorites` (
  `id` int(11) NOT NULL,
  `user_id` int(11) NOT NULL,
  `book_id` int(11) NOT NULL
) ENGINE=InnoDB DEFAULT CHARSET=utf8mb4 COLLATE=utf8mb4_general_ci;

-- --------------------------------------------------------

--
-- Table structure for table `user`
--

CREATE TABLE `user` (
  `id` int(11) NOT NULL,
  `full_name` varchar(255) NOT NULL,
  `email` varchar(255) NOT NULL,
  `password` text NOT NULL
) ENGINE=InnoDB DEFAULT CHARSET=utf8mb4 COLLATE=utf8mb4_general_ci;

--
-- Dumping data for table `user`
--

INSERT INTO `user` (`id`, `full_name`, `email`, `password`) VALUES
(2, 'eiei', 'eiei@gmail.com', '$2y$10$stiz2Tx/5pI.dTKZqk56leoW9govHCqKTYgT.cdjnJ4BA8pKpwYWq');

--
-- Indexes for dumped tables
--

--
-- Indexes for table `admin`
--
ALTER TABLE `admin`
  ADD PRIMARY KEY (`id`);

--
-- Indexes for table `authors`
--
ALTER TABLE `authors`
  ADD PRIMARY KEY (`id`);

--
-- Indexes for table `books`
--
ALTER TABLE `books`
  ADD PRIMARY KEY (`id`);

--
-- Indexes for table `categories`
--
ALTER TABLE `categories`
  ADD PRIMARY KEY (`id`);

--
-- Indexes for table `favorites`
--
ALTER TABLE `favorites`
  ADD PRIMARY KEY (`id`),
  ADD UNIQUE KEY `book_id` (`book_id`),
  ADD KEY `user_id` (`user_id`);

--
-- Indexes for table `user`
--
ALTER TABLE `user`
  ADD PRIMARY KEY (`id`);

--
-- AUTO_INCREMENT for dumped tables
--

--
-- AUTO_INCREMENT for table `admin`
--
ALTER TABLE `admin`
  MODIFY `id` int(11) NOT NULL AUTO_INCREMENT, AUTO_INCREMENT=2;

--
-- AUTO_INCREMENT for table `authors`
--
ALTER TABLE `authors`
  MODIFY `id` int(11) NOT NULL AUTO_INCREMENT, AUTO_INCREMENT=20;

--
-- AUTO_INCREMENT for table `books`
--
ALTER TABLE `books`
  MODIFY `id` int(11) NOT NULL AUTO_INCREMENT, AUTO_INCREMENT=42;

--
-- AUTO_INCREMENT for table `categories`
--
ALTER TABLE `categories`
  MODIFY `id` int(11) NOT NULL AUTO_INCREMENT, AUTO_INCREMENT=9;

--
-- AUTO_INCREMENT for table `favorites`
--
ALTER TABLE `favorites`
  MODIFY `id` int(11) NOT NULL AUTO_INCREMENT, AUTO_INCREMENT=34;

--
-- AUTO_INCREMENT for table `user`
--
ALTER TABLE `user`
  MODIFY `id` int(11) NOT NULL AUTO_INCREMENT, AUTO_INCREMENT=3;

--
-- Constraints for dumped tables
--

--
-- Constraints for table `favorites`
--
ALTER TABLE `favorites`
  ADD CONSTRAINT `favorites_ibfk_1` FOREIGN KEY (`user_id`) REFERENCES `user` (`id`),
  ADD CONSTRAINT `favorites_ibfk_2` FOREIGN KEY (`book_id`) REFERENCES `books` (`id`);
COMMIT;

/*!40101 SET CHARACTER_SET_CLIENT=@OLD_CHARACTER_SET_CLIENT */;
/*!40101 SET CHARACTER_SET_RESULTS=@OLD_CHARACTER_SET_RESULTS */;
/*!40101 SET COLLATION_CONNECTION=@OLD_COLLATION_CONNECTION */;
